purchase_month,region_group,orders,late_orders,reviews,score_sum,items_revenue,late_pct,avg_score
2018-03-01,Other,3168,750,3141,11521,463259.07,23.67,3.668
2017-04-01,Other,1105,69,1099,4538,160268.38,6.24,4.129
2017-11-01,Other,3378,439,3354,13253,489192.79,13.0,3.951
2017-12-01,Other,2472,160,2452,9998,338821.82,6.47,4.077
2017-10-01,Other,2101,86,2089,8753,332951.33,4.09,4.19
2017-09-01,Other,1983,103,1972,8341,302890.09,5.19,4.23
2018-01-01,Other,3244,190,3217,13185,438765.52,5.86,4.099
2017-01-01,Other,376,11,373,1581,60135.52,2.93,4.239
2017-03-01,Other,1210,78,1204,4994,174104.01,6.45,4.148
2018-08-01,Other,2464,66,2459,10723,357072.38,2.68,4.361
2018-05-01,Other,2795,251,2781,11633,428814.23,8.98,4.183
2016-10-01,Other,131,0,129,525,20196.77,0.0,4.07
2016-12-01,Other,1,0,1,5,10.9,0.0,5.0
2018-02-01,Other,3044,434,3021,11728,408090.01,14.26,3.882
2018-07-01,Other,2748,91,2736,11777,449272.81,3.31,4.304
2017-06-01,Other,1452,40,1447,6131,199632.66,2.75,4.237
2017-07-01,Other,1782,63,1768,7491,228497.13,3.54,4.237
2018-04-01,Other,2989,216,2965,12275,463231.76,7.23,4.14
2017-05-01,Other,1716,35,1704,7220,246651.73,2.04,4.237
2017-08-01,Other,1991,72,1979,8430,286494.82,3.62,4.26
2018-06-01,Other,2654,42,2641,11341,415357.03,1.58,4.294
2017-02-01,Other,822,23,815,3407,130324.06,2.8,4.18
2017-11-01,RJ,1012,263,1004,3685,147782.4,25.99,3.67
2017-12-01,RJ,746,179,732,2582,112259.63,23.99,3.527
2017-05-01,RJ,466,13,462,1940,70967.17,2.79,4.199
2017-03-01,RJ,370,16,366,1515,53373.91,4.32,4.139
2017-06-01,RJ,399,13,392,1646,53295.95,3.26,4.199
2017-01-01,RJ,91,3,88,353,12048.1,3.3,4.011
2018-04-01,RJ,807,39,799,3284,119055.34,4.83,4.11
2016-10-01,RJ,40,0,39,154,8217.28,0.0,3.949
2018-06-01,RJ,707,9,702,2980,100123.89,1.27,4.245
2017-09-01,RJ,591,30,584,2490,93058.28,5.08,4.264
2017-04-01,RJ,325,21,322,1342,56955.59,6.46,4.168
2017-02-01,RJ,230,8,228,952,29970.4,3.48,4.175
2018-01-01,RJ,850,111,840,3241,117268.05,13.06,3.858
2018-02-01,RJ,879,299,869,2872,110517.97,34.02,3.305
2018-08-01,RJ,723,42,719,3055,93770.55,5.81,4.249
2017-08-01,RJ,537,16,532,2281,76334.29,2.98,4.288
2017-07-01,RJ,547,17,538,2270,74961.75,3.11,4.219
2018-03-01,RJ,864,298,848,2762,113062.84,34.49,3.257
2018-05-01,RJ,816,56,814,3341,124102.1,6.86,4.104
2017-10-01,RJ,654,45,645,2701,95492.24,6.88,4.188
2018-07-01,RJ,696,17,688,2976,97033.4,2.44,4.326
2018-04-01,SP,3002,51,2988,12839,391246.99,1.7,4.297
2016-10-01,SP,94,2,94,372,11911.06,2.13,3.957
2018-07-01,SP,2712,100,2694,11661,321180.26,3.69,4.329
2017-07-01,SP,1543,28,1536,6604,178145.64,1.81,4.299
2018-03-01,SP,2971,280,2959,12207,377034.34,9.42,4.125
2017-03-01,SP,966,22,957,4071,131720.93,2.28,4.254
2017-12-01,SP,2295,72,2277,9747,274951.74,3.14,4.281
2018-08-01,SP,3164,285,3152,13506,387733.71,9.01,4.285
2018-05-01,SP,3138,136,3127,13503,424628.36,4.33,4.318
2017-11-01,SP,2898,202,2879,11929,350672.88,6.97,4.143
2018-02-01,SP,2632,193,2617,10651,307829.15,7.33,4.07
2018-06-01,SP,2735,20,2729,11833,340111.05,0.73,4.336
2016-09-01,SP,1,1,1,1,134.97,100.0,1.0
2017-09-01,SP,1576,49,1562,6744,211451.3,3.11,4.318
2017-04-01,SP,873,61,869,3590,123445.71,6.99,4.131
2017-08-01,SP,1665,34,1654,7252,191870.59,2.04,4.385
2017-10-01,SP,1723,56,1712,7241,219804.08,3.25,4.23
2017-01-01,SP,283,8,280,1177,39614.74,2.83,4.204
2017-06-01,SP,1284,42,1272,5360,168994.76,3.27,4.214
2018-01-01,SP,2975,102,2956,12387,368611.43,3.43,4.19
2017-05-01,SP,1363,58,1351,5739,171540.35,4.26,4.248
2017-02-01,SP,601,18,600,2547,73928.94,3.0,4.245