seller_id,seller_state,orders,late_orders,reviews,score_sum,avg_promised_days,late_pct,late_pct_shrunk,z_vs_average,avg_score
fc906263ca5083d09dce42fe02247800,MG,111,0,111,488,24.3,0.0,1.46,-2.9,4.396
9616352088dcf83a7c06637f4ebf1c80,PR,91,0,91,396,27.7,0.0,1.7,-2.6,4.352
06e5eefc71ec47ae763c5c6f8db7064f,RS,88,0,86,340,27.5,0.0,1.74,-2.5,3.953
f3b80352b986ab4d1057a4b724be19d0,DF,86,0,86,362,23.5,0.0,1.77,-2.5,4.209
8ae520247981aa06bc94abddf5f46d34,SC,65,0,65,289,27.3,0.0,2.16,-2.2,4.446
d566c37fa119d5e66c4e9052e83ee4ea,SP,64,0,63,295,16.4,0.0,2.19,-2.2,4.683
b372ee768ed69e46ca8cdbd267aa7a38,SP,63,0,63,279,31.6,0.0,2.21,-2.2,4.429
d57e18d5f73c7ccb7f7339b61166898d,SP,60,0,60,267,20.6,0.0,2.28,-2.1,4.45
57e632711dec9ec14ca7546769483e7e,SC,60,0,60,266,27.4,0.0,2.28,-2.1,4.433
e882b2a25a10b9c057cc49695f222c19,RJ,57,0,57,261,28.6,0.0,2.36,-2.0,4.579
cc63f0dd2acba93ffed4fe9f8e0321fa,SP,55,0,55,225,20.8,0.0,2.42,-2.0,4.091
3504c0cb71d7fa48d967e0e4c94d59d9,SP,52,0,52,233,17.9,0.0,2.51,-2.0,4.481
fa1a9dec3a9940c072684a46728bf1fc,SC,51,0,51,216,30.0,0.0,2.54,-1.9,4.235
2b3e4a2a3ea8e01938cabda2a3e5cc79,SP,51,0,51,226,20.4,0.0,2.54,-1.9,4.431
b1a81260566c1bac3114a6d124413f27,RS,49,0,49,211,24.9,0.0,2.6,-1.9,4.306
aae3bfea055532c57fb453ed3ec80b30,SP,47,0,46,168,26.2,0.0,2.67,-1.9,3.652
81f89e42267213cb94da7ddc301651da,SP,45,0,45,168,17.1,0.0,2.74,-1.8,3.733
6b90f847357d8981edd79a1eb1bf0acb,SP,45,0,45,196,14.9,0.0,2.74,-1.8,4.356
4da0e408c99d2fdc2126dc9fce518060,PR,43,0,43,189,29.4,0.0,2.82,-1.8,4.395
acce39e832338debb07b02385cde5967,MG,43,0,43,195,17.1,0.0,2.82,-1.8,4.535
3bb548e3cb7f70f28e3f11ee9dce0e59,PR,42,0,42,183,28.3,0.0,2.85,-1.8,4.357
b410bdd36d5db7a65dcd42b7ead933b8,GO,42,0,42,202,24.6,0.0,2.85,-1.8,4.81
34d1ca11b242c0fee2c834ae8d788566,MG,40,0,39,169,27.0,0.0,2.94,-1.7,4.333
6df688df543f90e9b38f4319e75a9d88,MG,39,0,39,178,23.3,0.0,2.98,-1.7,4.564
b1ac6ea7895bc3dd6f0f6f4abbdd2821,RS,38,0,38,172,26.9,0.0,3.02,-1.7,4.526
6338ea67c41078a46ad99cc009654956,RS,36,0,34,157,29.1,0.0,3.11,-1.6,4.618
bd4889b5e9133b35b66e42a8665cea5c,SP,36,0,35,154,23.9,0.0,3.11,-1.6,4.4
bba74270a87732727b5a3b4fd9ac1c39,MG,35,0,35,142,25.6,0.0,3.16,-1.6,4.057
31561f325664a8a7aba4c8d0c3a9b3db,SP,35,0,35,164,17.0,0.0,3.16,-1.6,4.686
718539d38d07dd351c76db862760e2e2,SP,34,0,34,157,22.9,0.0,3.21,-1.6,4.618
5cbbd5a299cab112b7bf23862255e43e,PR,33,0,33,146,25.1,0.0,3.26,-1.6,4.424
65febd49fd28ec955651299159b1f527,SP,33,0,33,147,19.6,0.0,3.26,-1.6,4.455
33ac3e28642ab8bda860a2f693000e78,SP,33,0,33,142,21.9,0.0,3.26,-1.6,4.303
b90e891671cffd9557f33a97dc523645,PR,33,0,33,142,23.6,0.0,3.26,-1.6,4.303
e49c26c3edfa46d227d5121a6b6e4d37,PE,33,0,33,152,31.2,0.0,3.26,-1.6,4.606
48efc9d94a9834137efd9ea76b065a38,PR,33,0,33,165,35.2,0.0,3.26,-1.6,5.0
325f3178fb58e2a9778334621eecdbf9,SP,32,0,32,146,17.9,0.0,3.31,-1.5,4.563
9baf5cb77970f539089d09a38bcec5c3,SP,31,0,31,137,33.2,0.0,3.37,-1.5,4.419
fad44952713764836814be105382aee5,RJ,31,0,31,135,22.8,0.0,3.37,-1.5,4.355
ed4acab38528488b65a9a9c603ff024a,SP,31,0,31,118,22.6,0.0,3.37,-1.5,3.806
5160d23075764e18e07c1f4a87fad743,SP,30,0,30,137,19.0,0.0,3.43,-1.5,4.567
12b9676b00f60f3b700e83af21824c0e,RS,133,1,132,601,36.3,0.75,1.87,-2.8,4.553
0bae85eb84b9fb3bd773911e89288d54,SP,130,1,130,562,25.1,0.77,1.91,-2.7,4.323
17ca9b9e9b9ef8fdb529001b49ebb50f,MG,112,1,112,457,22.3,0.89,2.15,-2.5,4.08
612170e34b97004b3ba37eae81836b4c,RS,106,1,106,470,29.2,0.94,2.25,-2.4,4.434
8c16d1f32a54d92897cc437244442e1b,SC,106,1,105,462,26.2,0.94,2.25,-2.4,4.4
5c243662ce92d84573bfaff24c3e3700,SP,98,1,97,402,24.6,1.02,2.39,-2.3,4.144
530ec6109d11eaaf87999465c6afee01,PR,94,1,94,408,28.2,1.06,2.46,-2.2,4.34
725c32fa80c2faacc4fc88450d27314e,SP,88,1,86,389,21.6,1.14,2.59,-2.1,4.523
0df3984f9dfb3d49ac6366acbd3bbb85,MG,83,1,83,370,24.0,1.2,2.7,-2.0,4.458
080199a181c46c657dc5aa235411be3b,SP,79,1,78,360,17.6,1.27,2.8,-2.0,4.615
609e1a9a6c2539919b8205cf7c4e6ff0,SC,78,1,76,302,26.5,1.28,2.83,-1.9,3.974
744dac408745240a2c2528fb1b6028f3,PR,77,1,77,356,27.7,1.3,2.86,-1.9,4.623
d921b68bf747894be13a97ae52b0f386,MG,76,1,76,350,25.8,1.32,2.88,-1.9,4.605
d12c926d74ceff0a90a21184466ce161,SP,74,1,74,325,23.5,1.35,2.94,-1.9,4.392
dfa0c4c6229ab200a4a1336b4d7128ff,SC,72,1,72,299,24.1,1.39,3.0,-1.8,4.153
ca3bd7cd9f149df75950150d010fe4a2,SP,67,1,67,275,30.0,1.49,3.15,-1.7,4.104
9d5a9018aee56acb367ba9c3f05d1d6a,GO,65,1,65,292,28.2,1.54,3.22,-1.7,4.492
cb8bcce248bb1fb274ba762d8b971456,MG,65,1,65,281,24.4,1.54,3.22,-1.7,4.323
48162d548f5b1b11b9d29d1e01f75a61,SP,64,1,64,261,24.7,1.56,3.25,-1.7,4.078
520b493b57809f446cb0a233bb3e25c7,SP,62,1,62,270,19.2,1.61,3.32,-1.6,4.355
822166ed1e47908f7cfb49946d03c726,RJ,62,1,61,248,25.6,1.61,3.32,-1.6,4.066
91f848e9f4be368f4318775aac733370,SP,60,1,58,255,21.8,1.67,3.39,-1.6,4.397
5f1dc28029d2c244352a68107ec2b542,SP,60,1,59,264,25.7,1.67,3.39,-1.6,4.475
3bdff180c7e1f6551a643b99c265a120,SP,56,1,55,234,22.8,1.79,3.55,-1.5,4.255
1b8356dabde1d35e17cef975c3f82730,SP,55,1,55,232,24.4,1.82,3.59,-1.5,4.218
2dee2ce60de9709b1a24083217181a1f,MT,54,1,54,239,31.6,1.85,3.64,-1.5,4.426
a5cba26a62b8b4d0145b68b841e62e7f,PR,53,1,53,242,27.9,1.89,3.68,-1.4,4.566
582d4f8675b945722eda7c0cb61ba4c7,SP,53,1,53,225,24.6,1.89,3.68,-1.4,4.245
6c177e38df6d3f34182b1f1d427231bf,PR,53,1,53,220,28.9,1.89,3.68,-1.4,4.151
751bdc4d83a466c7206cd42e8f426b03,SP,49,1,47,189,22.6,2.04,3.87,-1.3,4.021
4c03b9dd4c11ee2cb35c96c49efc9420,SP,47,1,46,192,24.7,2.13,3.97,-1.3,4.174
381c83fdca332ea6afd896da20bf6e4a,PR,46,1,46,202,28.4,2.17,4.02,-1.3,4.391
83e197e95a1bbabc8c75e883ed016c47,RJ,46,1,46,221,24.6,2.17,4.02,-1.3,4.804
0691148aee60ca47977c187804f935ae,PR,46,1,46,195,25.5,2.17,4.02,-1.3,4.239
0ef83d7d83ed97cd2a0049ac8be5f88a,PR,46,1,45,191,23.4,2.17,4.02,-1.3,4.244
f680f85bee2d253556ac91be391d2c82,SP,45,1,45,195,22.4,2.22,4.07,-1.2,4.333
2a5b78b41cd05baeac8df54c6606b92c,MG,45,1,45,204,28.5,2.22,4.07,-1.2,4.533
c68fb906c8f4b4b946d8386bfa6e5467,SP,45,1,44,199,24.1,2.22,4.07,-1.2,4.523
b8bc237ba3788b23da09c0f1f3a3288c,SC,45,1,44,190,26.0,2.22,4.07,-1.2,4.318
bccf933e006e9b94a6184af782963e77,SP,45,1,44,199,24.9,2.22,4.07,-1.2,4.523
138dbe45fc62f1e244378131a6801526,SP,44,1,44,188,14.9,2.27,4.13,-1.2,4.273
95f83f51203c626648c875dd41874c7f,MG,44,1,44,163,25.6,2.27,4.13,-1.2,3.705
3f995f07c49d0d55a99d5c54957f7d81,SP,43,1,43,181,21.7,2.33,4.18,-1.2,4.209
33a17d60c64393351ebf1ef860f4e0f2,RS,42,1,42,195,26.1,2.38,4.24,-1.1,4.643
e0a366315b1b726b6c7832d664c0f530,SP,42,1,42,184,19.4,2.38,4.24,-1.1,4.381
58f1a6197ed863543e0136bdedb3fce2,MG,41,1,41,173,25.5,2.44,4.3,-1.1,4.22
3d8fa2f5b647373c8620330c4e077a9f,SP,41,1,40,172,20.9,2.44,4.3,-1.1,4.3
efcd8d2104f1a05d028af7bad20d974b,SP,40,1,40,177,24.6,2.5,4.36,-1.1,4.425
9add47bf45ce8e8c7db6b9cf670b1e09,PR,40,1,39,164,25.8,2.5,4.36,-1.1,4.205
1d4587203296c8f4ad134dc286fa6db0,SP,39,1,39,170,20.5,2.56,4.43,-1.1,4.359
d1b65fc7debc3361ea86b5f14c68d2e2,SP,39,1,39,181,25.1,2.56,4.43,-1.1,4.641
55a5b51f93f2b70ea513f5a047b0262a,MG,38,1,38,172,26.1,2.63,4.49,-1.0,4.526
7f7b8245c336066a1f9933c359f11d77,SP,38,1,38,173,20.2,2.63,4.49,-1.0,4.553
5a93f3ab0ef4c84ed5e1b5dbf23978bc,SP,38,1,38,182,33.8,2.63,4.49,-1.0,4.789
d66c305afaec317ebee552073a674429,MG,37,1,37,168,28.5,2.7,4.56,-1.0,4.541
bacb1f0ed56ad24198f5810d2b3fe9a5,SP,37,1,36,155,23.4,2.7,4.56,-1.0,4.306
594f9aaa48e5bf431f011ddc5669b0d5,MG,37,1,37,170,21.4,2.7,4.56,-1.0,4.595
d23019c84ffae2d5ef2270367b8605fc,PR,37,1,37,162,25.5,2.7,4.56,-1.0,4.378
3586b8580d9c917874e053a1bb37b5ff,SP,36,1,36,159,31.4,2.78,4.63,-1.0,4.417
96804ea39d96eb908e7c3afdb671bb9e,MG,36,1,36,152,26.6,2.78,4.63,-1.0,4.222
fde0cc9ea29c8ccfc0a2c22256a58c71,PR,35,1,35,157,25.1,2.86,4.7,-0.9,4.486
32b8764b4ef628b53608fc34011fcc13,SC,35,1,35,148,25.9,2.86,4.7,-0.9,4.229
bf3c6d2a28b2b5501e6c15448982dcc9,SP,35,1,35,161,23.7,2.86,4.7,-0.9,4.6
240b9776d844d37535668549a396af32,RJ,35,1,35,152,22.6,2.86,4.7,-0.9,4.343
66dc1b1632bd6a3e508510c5b3492107,SP,35,1,35,129,25.3,2.86,4.7,-0.9,3.686
a3dd39f583bc80bd8c5901c95878921e,BA,34,1,34,156,24.1,2.94,4.77,-0.9,4.588
42bde9fef835393bb8a8849cb6b7f245,DF,34,1,34,148,24.9,2.94,4.77,-0.9,4.353
b839e41795b7f3ad94cc2014a52f6796,SP,33,1,33,135,19.4,3.03,4.85,-0.9,4.091
45ba18c210d42734ec52c0c1c574e9ee,SP,33,1,33,140,19.0,3.03,4.85,-0.9,4.242
3c4e0452bff7a2a788179488d3d77032,PR,32,1,31,119,29.2,3.13,4.93,-0.8,3.839
232a6014e7b10cba61c6c2b2ea6bb4b0,SP,32,1,32,133,27.6,3.13,4.93,-0.8,4.156
8bd0f31cf0a614c658f6763bd02dea69,SP,32,1,31,132,23.8,3.13,4.93,-0.8,4.258
5d3bb11474a06bdc23fb9e89f1164ee0,SP,31,1,31,121,23.1,3.23,5.01,-0.8,3.903
f00e21b1e91a79653163b7fd8f293ff1,SP,31,1,30,123,29.2,3.23,5.01,-0.8,4.1
6481e96574816ead57975da2c0f6d80d,SP,31,1,31,132,18.3,3.23,5.01,-0.8,4.258
cc5a78bbad32776dc4e3af205218368c,MG,31,1,31,138,25.5,3.23,5.01,-0.8,4.452
4917cee8d902e13428c3ec4b1ca6f315,SC,31,1,31,129,28.0,3.23,5.01,-0.8,4.161
18e694e0e48ed6f7aa3f24aade5fd697,SP,31,1,31,145,18.7,3.23,5.01,-0.8,4.677
33576ec5412fb5905d876f12f33bfde6,PR,31,1,31,127,31.8,3.23,5.01,-0.8,4.097
3340ef1913fb70d28420f6ceb685c339,PR,30,1,30,132,26.0,3.33,5.09,-0.8,4.4
4e06067cc08b3f41d837768d392c3ee3,MG,30,1,30,126,23.3,3.33,5.09,-0.8,4.2
974cf2cb8f4b7add98709c30df02fe10,SP,30,1,30,125,25.0,3.33,5.09,-0.8,4.167
ea67327e24487bdfac5fbfa37ea124df,SP,30,1,30,111,23.7,3.33,5.09,-0.8,3.7
02f5837340d7eb4f653d676c7256523a,PR,30,1,30,145,26.9,3.33,5.09,-0.8,4.833
3c487ae8f8d7542beff5788e2e0aea83,DF,30,1,30,126,24.7,3.33,5.09,-0.8,4.2
dfc5fb7259bb2b599ca565e6e9448f0f,SP,30,1,30,129,25.5,3.33,5.09,-0.8,4.3
72c5da29406b4234927b81855e7b64f6,SP,30,1,30,127,27.0,3.33,5.09,-0.8,4.233
0ea22c1cfbdc755f86b9b54b39c16043,MG,219,2,216,973,27.9,0.91,1.63,-3.5,4.505
6cd68b3ed6d59aaa9fece558ad360c0a,MG,145,2,145,647,24.6,1.38,2.32,-2.6,4.462
259f7b5e6e482c230e5bfaa670b6bb8f,SP,132,2,131,578,22.0,1.52,2.5,-2.4,4.412
ce27a3cc3c8cc1ea79d11e561e9bebb6,SP,122,2,117,490,22.5,1.64,2.67,-2.3,4.188
229c3efbfb0ea2058de4ccdfbc3d784a,MG,118,2,117,424,23.3,1.69,2.74,-2.2,3.624
1127b7f2594683f2510f1c2c834a486b,SP,108,2,108,458,20.6,1.85,2.94,-2.1,4.241
289cdb325fb7e7f891c38608bf9e0962,SP,103,2,103,478,16.7,1.94,3.05,-2.0,4.641
6c7d50c24b3ccd2fd83b44d8bb34e073,SP,102,2,102,469,23.9,1.96,3.07,-2.0,4.598
33a6f4b1e7cdc205511e76ba1b6e0186,SP,100,2,100,446,21.8,2.0,3.12,-1.9,4.46
ac3508719a1d8f5b7614b798f70af136,RS,99,2,98,454,27.3,2.02,3.14,-1.9,4.633
8a432f4e5b471f8da497d7dc517666e2,SP,89,2,88,379,19.8,2.25,3.41,-1.7,4.307
bd23da7354813347129d751591d1a6e2,SP,83,2,82,340,20.0,2.41,3.59,-1.6,4.146
9674754b5a0cb32b638cec001178f799,SP,83,2,83,343,19.4,2.41,3.59,-1.6,4.133
8bb48dc19fccaa8613b6229bf7f452a2,SP,79,2,79,354,24.7,2.53,3.72,-1.5,4.481
0432ead42b6c8a0bdf68154add917fdf,SP,78,2,78,360,21.9,2.56,3.75,-1.5,4.615
516e7738bd8f735ac19a010ee5450d8d,RJ,72,2,72,338,27.7,2.78,3.98,-1.4,4.694
9de4643a8dbde634fe55621059d92273,SC,71,2,71,324,26.4,2.82,4.01,-1.3,4.563
9646c3513289980f17226a2fc4720dbd,SP,69,2,69,307,25.1,2.9,4.1,-1.3,4.449
9e6229250fedbe05838fef417b74e7fb,SP,67,2,67,269,26.8,2.99,4.18,-1.3,4.015
30a2f535bb48308f991d0b9ad4a8c4bb,SP,66,2,66,296,21.1,3.03,4.22,-1.2,4.485
966cb4760537b1404caedd472cc610a5,SP,66,2,66,272,25.5,3.03,4.22,-1.2,4.121
066a6914e1ebf3ea95a216c73a986b91,PR,64,2,64,265,30.6,3.13,4.31,-1.2,4.141
1838dd9b8977065acf51d95e0053ea7a,MG,62,2,62,271,23.7,3.23,4.41,-1.1,4.371
76d64c4aca3a7baf218bf93ef7fa768d,PR,61,2,61,264,25.8,3.28,4.46,-1.1,4.328
cce6ab8d1682639fe45ab70234f1665f,SP,61,2,61,275,29.0,3.28,4.46,-1.1,4.508
b92e3c8f9738272ff7c59e111e108d7c,MG,59,2,59,247,61.0,3.39,4.56,-1.1,4.186
709e16e2b25c7474d980076c6bfc4806,SP,59,2,59,266,23.4,3.39,4.56,-1.1,4.508
116ccb1a1604bc88e4d234a8c23f33de,SP,59,2,59,277,19.0,3.39,4.56,-1.1,4.695
c864036feaab8c1659f65ea4faebe1da,PR,58,2,58,265,25.6,3.45,4.61,-1.0,4.569
fcb5ace8bcc92f75707dc0f01a27d269,SP,58,2,57,230,19.7,3.45,4.61,-1.0,4.035
05ff92fedb5be47920fea08e501238b9,RS,57,2,57,246,30.1,3.51,4.66,-1.0,4.316
376a891762bbdecbc02b4b6adec3fdda,GO,57,2,57,266,27.3,3.51,4.66,-1.0,4.667
aced59e9b31ef866a94f9e7f29d8d418,SP,57,2,57,256,20.9,3.51,4.66,-1.0,4.491
3078096983cf766a32a06257648502d1,SP,56,2,56,241,24.4,3.57,4.72,-1.0,4.304
c6bda72e4dbf5c5866b13cb1810c6d03,SP,55,2,55,249,22.2,3.64,4.77,-0.9,4.527
750303a20e9c56b2a6bc45cdce0b897d,GO,53,2,53,228,25.8,3.77,4.89,-0.9,4.302
062ce95fa2ad4dfaedfc79260130565f,RS,52,2,52,213,26.7,3.85,4.95,-0.9,4.096
7202e2ba20579a9bd1acb29e61fe71f6,SP,51,2,50,199,25.5,3.92,5.01,-0.8,3.98
25cf099de44674fde97473224f9d59ab,SP,50,2,49,212,22.2,4.0,5.07,-0.8,4.327
7d456afc660226829370f3173d14520c,SP,50,2,50,221,20.9,4.0,5.07,-0.8,4.42
729b2d09b2a0bdab221076327f13d050,SP,48,2,48,219,24.8,4.17,5.2,-0.7,4.563
cb3dd9ce66268c7a3ca7241ac70ab58c,SP,48,2,48,201,27.0,4.17,5.2,-0.7,4.188
afe0067131b73e40875c9b6c10bd2e21,MG,45,2,44,188,26.8,4.44,5.41,-0.6,4.273
b32be1695eb7ec5f10f72d9610a12527,RS,44,2,43,178,25.8,4.55,5.48,-0.6,4.14
870d0118f7a9d85960f29ad89d5d989a,MG,43,2,43,176,24.4,4.65,5.55,-0.6,4.093
c66dccfb3f109511246da627dd5a2498,SP,42,2,42,193,26.1,4.76,5.63,-0.5,4.595
5f3ae9136c875522250f8184f253413a,SP,42,2,42,195,20.2,4.76,5.63,-0.5,4.643
abcd2cb37d46c2c8fb1bf071c859fc5b,MT,42,2,42,184,30.4,4.76,5.63,-0.5,4.381
43f8c9950d11ecd03a0304a49e010da6,SP,41,2,41,187,23.7,4.88,5.71,-0.5,4.561
cd06602b43d8800bd0afad514919d35c,SP,41,2,41,157,23.6,4.88,5.71,-0.5,3.829
31344c16881c08a8a72c6d2eb29918c1,MG,40,2,40,180,26.2,5.0,5.79,-0.5,4.5
83deb69e889cf80f82be1dc6d5f2d486,SC,40,2,40,173,27.8,5.0,5.79,-0.5,4.325
a2e874074c877c5a05abae80ad6e488f,SP,40,2,40,170,35.5,5.0,5.79,-0.5,4.25
7dc8c42cc750eeafea6c85712ffee9bf,SP,40,2,40,171,23.2,5.0,5.79,-0.5,4.275
c013e57c075a06e5b5c48ee03c525719,SP,40,2,40,172,20.6,5.0,5.79,-0.5,4.3
b39d7fe263ef469605dbb32608aee0af,SP,40,2,39,156,28.8,5.0,5.79,-0.5,4.0
113e3a788b935f48aad63e1c41dac1bd,SP,39,2,38,164,28.2,5.13,5.88,-0.4,4.316
b56906f7fd1696e043f1bcce164c487b,SP,39,2,39,158,27.5,5.13,5.88,-0.4,4.051
f789d2c4f2c2eb38fc4373e7a4b35264,MG,39,2,39,168,25.5,5.13,5.88,-0.4,4.308
b94cc9f10ddc85e4ba73a6f7974e7101,RJ,39,2,37,159,23.2,5.13,5.88,-0.4,4.297
ba90964cff9b9e0e6f32b23b82465f7b,SP,38,2,38,168,22.0,5.26,5.96,-0.4,4.421
75fbb52eda0cbc24f479d3b2fbfa8d3e,GO,37,2,37,164,27.7,5.41,6.05,-0.3,4.432
63b464dbf392c7b80d12d932fa7cafed,SP,36,2,36,139,27.8,5.56,6.14,-0.3,3.861
e63e8bfa530fb16910dd6956e592bb81,SP,36,2,36,156,21.9,5.56,6.14,-0.3,4.333
99002261c568a84cce14d43fcffb43ea,MT,35,2,35,129,29.0,5.71,6.24,-0.3,3.686
bf84056e679dbe9c69929847a40e338f,SP,35,2,35,132,19.2,5.71,6.24,-0.3,3.771
3ab971ce71839580d2ae5b4e40fe8044,SP,35,2,34,133,18.9,5.71,6.24,-0.3,3.912
dc8798cbf453b7e0f98745e396cc5616,SP,35,2,35,118,23.6,5.71,6.24,-0.3,3.371
20d83f3ef0e6925fd74bfd59170babf7,SP,34,2,34,152,20.6,5.88,6.34,-0.2,4.471
5b179e9e8cc7ab6fd113a46ca584da81,SP,34,2,33,121,24.7,5.88,6.34,-0.2,3.667
276677b5d08786d5dce7c2149dcce48b,MG,31,2,31,125,20.8,6.45,6.65,-0.1,4.032
cd6efc47efaabf134f8bdb654e10b4f1,RJ,30,2,30,134,22.4,6.67,6.76,0.0,4.467
78c99c6dff4eeae5be99bf635ed21e3f,SP,30,2,30,136,24.0,6.67,6.76,0.0,4.533
2bf6a2c1e71bbd29a4ad64e6d3c3629f,RJ,30,2,30,125,28.0,6.67,6.76,0.0,4.167
e26901d5ab434ce92fd9b5c256820a4e,SP,196,3,196,823,22.8,1.53,2.24,-2.9,4.199
5cf13accae3222c70a9cac40818ae839,MG,142,3,141,643,24.6,2.11,2.94,-2.2,4.56
b4ffb71f0cb1b1c3d63fad021ecf93e1,SP,139,3,139,595,24.7,2.16,2.99,-2.2,4.281
25e6ffe976bd75618accfe16cefcbd0d,SP,103,3,103,465,23.6,2.91,3.8,-1.6,4.515
aaed1309374718fdd995ee4c58c9dfcd,SC,103,3,103,421,29.5,2.91,3.8,-1.6,4.087
80e6699fe29150b372a0c8a1ebf7dcc8,PR,94,3,93,410,27.6,3.19,4.08,-1.4,4.409
d94a40fd42351c259927028d163af842,MG,93,3,92,398,27.5,3.23,4.11,-1.4,4.326
ff063b022a9a0aab91bad2c9088760b7,SP,91,3,91,399,21.2,3.3,4.18,-1.3,4.385
2ff97219cb8622eaf3cd89b7d9c09824,SP,85,3,85,387,18.3,3.53,4.4,-1.2,4.553
dbd66278cbfe1aa1000f90a217ca4695,SP,83,3,83,377,21.5,3.61,4.47,-1.2,4.542
eeb6de78f79159600292e314a77cbd18,SC,82,3,82,364,29.0,3.66,4.51,-1.1,4.439
4e7c18b98d84e05cbae3ff0ff03846c2,SP,80,3,79,333,25.4,3.75,4.6,-1.1,4.215
ebd2d60905fb58271facef5596b620d3,SP,80,3,80,339,24.4,3.75,4.6,-1.1,4.237
e8b3a3a38279a82f0e5d006d5e5b7d2c,PR,79,3,79,320,35.8,3.8,4.64,-1.1,4.051
6b243f80ed07b10f0e8aa0f21a205f3c,PR,77,3,77,327,25.7,3.9,4.72,-1.0,4.247
701938c450705b8ae65fc923b70f35c7,SP,74,3,73,292,24.7,4.05,4.86,-1.0,4.0
a7f13822ceb966b076af67121f87b063,SP,73,3,72,245,39.2,4.11,4.91,-0.9,3.403
8f119a0aee85c0c8fc534629734e94fd,SP,73,3,73,317,21.2,4.11,4.91,-0.9,4.342
688756f717c462a206ad854c5027a64a,SP,72,3,71,283,18.9,4.17,4.96,-0.9,3.986
81a1104df0f08b59c68aa5b03cfe398e,PR,72,3,70,302,26.5,4.17,4.96,-0.9,4.314
d50d79cb34e38265a8649c383dcffd48,SP,68,3,67,284,26.2,4.41,5.16,-0.8,4.239
94144541854e298c2d976cb893b81343,RS,68,3,67,285,27.1,4.41,5.16,-0.8,4.254
e333046ce6517bd8bb510291d44f0130,SP,66,3,66,291,23.4,4.55,5.27,-0.7,4.409
05d2173d43ea568aa0540eba70d2ca76,MG,62,3,60,251,26.6,4.84,5.49,-0.6,4.183
4e17c65a516f69d023a2ae78b84f28d6,SP,61,3,61,258,35.4,4.92,5.55,-0.6,4.23
01cf7e3d21494c41fb86034f2e714fa1,PR,59,3,58,239,26.9,5.08,5.68,-0.5,4.121
0c7533c71df861ec58ad7ff999ed0e8d,SP,58,3,58,244,20.7,5.17,5.74,-0.5,4.207
f7720c4fa8e3aba4546301ab80ea1f1b,PR,57,3,57,244,24.7,5.26,5.81,-0.5,4.281
b6d44737c043328708f6749c2dbe50bd,SP,56,3,56,261,22.3,5.36,5.88,-0.4,4.661
d650b663c3b5f6fb392b6326366efa9a,SP,56,3,56,248,21.4,5.36,5.88,-0.4,4.429
dc317f341ab0e22f39acbd9dbf9b4a1f,RS,54,3,54,224,27.3,5.56,6.02,-0.4,4.148
d9bd94811c3338dceb4181f3dbc0c73e,SP,54,3,54,259,16.0,5.56,6.02,-0.4,4.796
4992e76a42cb3aad7a7047e0d3d7e729,SP,52,3,52,205,18.2,5.77,6.16,-0.3,3.942
d9a84e1403de8da0c3aa531d6d108ba6,SP,51,3,51,241,18.0,5.88,6.24,-0.3,4.725
45d33f715e24d15a6ccf5c17b3a23e3c,SP,51,3,51,225,22.9,5.88,6.24,-0.3,4.412
2a7dc43cecabf23403078e2188437d1d,SP,50,3,50,209,22.8,6.0,6.32,-0.2,4.18
994f04b3718c2bab35c2adfa8afecd2a,SP,46,3,46,201,22.3,6.52,6.65,-0.1,4.37
fdb9095204a334cd8872252ffec6f2db,SP,45,3,45,187,19.6,6.67,6.74,0.0,4.156
9b00ed88b7fdb95d6ff76e27c1b52d16,SP,45,3,45,204,19.7,6.67,6.74,0.0,4.533
382229d1e840115ffe3dbf5ff460e417,RJ,44,3,44,187,19.7,6.82,6.83,0.0,4.25
02f623a8eb246f3c5f7c2f96462654e6,SP,44,3,43,196,19.1,6.82,6.83,0.0,4.558
09f952a5f58d2285b0372551ae8f9b01,SP,44,3,44,179,24.0,6.82,6.83,0.0,4.068
ad420dd0c4f92f8af951ac24b86d0cf5,MG,42,3,40,165,26.0,7.14,7.02,0.1,4.125
1da366cade6d8276e7d8beea7af5d4bf,MG,41,3,40,162,26.1,7.32,7.12,0.1,4.05
c847e075301870dd144a116762eaff9a,MG,41,3,40,168,27.2,7.32,7.12,0.1,4.2
4559697a8f7e637227c2eeaed843baff,SP,39,3,39,164,25.3,7.69,7.33,0.2,4.205
c9aafcd0621b2207c10e32c649cada4d,SP,38,3,38,168,18.3,7.89,7.43,0.3,4.421
daeb5653dd96c1b11860f72209795012,MG,38,3,38,160,23.1,7.89,7.43,0.3,4.211
1ce3ae5a399804d1a87e706f8a813c3e,SC,35,3,35,136,30.3,8.57,7.78,0.4,3.886
f181738b150df1f37cb0bd72e705b193,SP,35,3,35,156,19.3,8.57,7.78,0.4,4.457
26d8a1c7c75d513045798992ead43aa2,PR,34,3,34,150,24.8,8.82,7.9,0.5,4.412
6a0cbc8af2e8abd1bdfb777943d174c6,SP,34,3,33,133,24.3,8.82,7.9,0.5,4.03
e8f6dc8e6a1dcde89d20e3995c8d90b3,SP,33,3,33,132,34.5,9.09,8.02,0.5,4.0
1caf283236cd69af44cbc09a0a1e7d32,RJ,33,3,33,152,25.6,9.09,8.02,0.5,4.606
f62d7bb4a613ec758a03342d46b580b2,MG,32,3,32,140,23.6,9.38,8.15,0.6,4.375
7b0df942f46435babab05d49b744b2c4,SP,32,3,31,136,21.9,9.38,8.15,0.6,4.387
93dc87703c046b603023e75222018b45,MG,32,3,30,125,30.6,9.38,8.15,0.6,4.167
d5ba419e26d246a0719437cf37d9b46d,SP,32,3,31,127,18.5,9.38,8.15,0.6,4.097
20cb7c2fde3e5bf10f0bbe7394e1c6a9,PR,31,3,31,127,24.6,9.68,8.29,0.6,4.097
2745f798279e0ed033addcc1474776d7,SP,31,3,30,118,23.8,9.68,8.29,0.6,3.933
5c6d4016c2a288f074fa0848a2b653d2,SP,30,3,30,124,20.5,10.0,8.43,0.7,4.133
e38db885400cd35c71dfd162f2c1dbcf,DF,30,3,30,134,25.0,10.0,8.43,0.7,4.467
6b3bd31ad8fcda4b2635ec9f3ff2ecdf,RJ,30,3,30,132,22.2,10.0,8.43,0.7,4.4
e8b4225284fbb02d16f200513f1f395d,SP,30,3,30,129,24.0,10.0,8.43,0.7,4.3
c3cfdc648177fdbbbb35635a37472c53,PR,273,4,272,1228,25.9,1.47,2.0,-3.5,4.515
cab85505710c7cb9b720bceb52b01cee,SP,199,4,198,861,25.8,2.01,2.64,-2.7,4.348
86ccac0b835037332a596a33b6949ee1,SC,169,4,169,722,27.0,2.37,3.04,-2.3,4.272
d98eec89afa3380e14463da2aabaea72,RS,164,4,163,719,26.7,2.44,3.12,-2.2,4.411
2a84855fd20af891be03bc5924d2b453,MG,153,4,152,665,20.9,2.61,3.31,-2.1,4.375
7722b1df1b0e383e000397b2c11e3e19,SP,126,4,126,539,20.3,3.17,3.88,-1.6,4.278
8a32e327fe2c1b3511609d81aaf9f042,SP,124,4,123,488,23.4,3.23,3.93,-1.6,3.967
1e8b33f18b4f7598d87f5cbee2282cc2,SP,117,4,115,514,18.7,3.42,4.12,-1.5,4.47
c33847515fa6305ce6feb1e818569f13,SC,108,4,108,421,25.1,3.7,4.39,-1.3,3.898
dbb9b48c841a0e39e21f98e1a6b2ec3e,SP,103,4,103,443,21.9,3.88,4.55,-1.2,4.301
febab0275244b9a49a623f0bd613ca2f,SP,98,4,98,442,20.1,4.08,4.73,-1.1,4.51
00fc707aaaad2d31347cf883cd2dfe10,PR,98,4,98,401,30.5,4.08,4.73,-1.1,4.092
9d4db00d65d7760644ac0c14edb5fd86,SP,97,4,96,436,19.5,4.12,4.77,-1.1,4.542
282f23a9769b2690c5dda22e316f9941,MG,97,4,97,425,22.3,4.12,4.77,-1.1,4.381
7b07b3c7487f0ea825fc6df75abd658b,SP,90,4,90,397,20.7,4.44,5.05,-0.9,4.411
dee656f0f566ed1aa85bd137c943f08f,SP,89,4,89,391,26.8,4.49,5.09,-0.9,4.393
0509040ea3fe50071181bbc359eb7738,MG,87,4,86,385,22.2,4.6,5.18,-0.8,4.477
98dac6635aee4995d501a3972e047414,SP,82,4,81,336,20.6,4.88,5.41,-0.7,4.148
670c26e0f1bf8d0576271d5cfaec6d2b,PR,76,4,76,331,26.7,5.26,5.71,-0.5,4.355
1f9ab4708f3056ede07124aad39a2554,SP,75,4,74,306,27.9,5.33,5.77,-0.5,4.135
08633c14ef2db992c11f840f04fad4cd,SP,71,4,71,312,20.5,5.63,6.0,-0.4,4.394
5f2684dab12e59f83bef73ae57724e45,SP,67,4,67,254,21.6,5.97,6.24,-0.3,3.791
834f3294fba9f932f56edc879193f925,SP,65,4,65,296,23.7,6.15,6.37,-0.2,4.554
8cbac7e12637ed9cffa18c7875207478,SC,64,4,64,273,27.4,6.25,6.44,-0.2,4.266
96493fab2fbb13a14d0c0e8772eef5c3,SP,63,4,62,252,23.5,6.35,6.51,-0.2,4.065
8e8a7ce9f2f970dc00e2acf6f6e199f6,RJ,63,4,63,251,23.1,6.35,6.51,-0.2,3.984
5b925e1d006e9476d738aa200751b73b,SP,63,4,63,290,22.0,6.35,6.51,-0.2,4.603
4c18691b6037662be2df78a765d98ab5,SP,62,4,62,239,20.2,6.45,6.58,-0.1,3.855
4a3ccda38b2129705f3fb522db62ca31,SP,61,4,61,245,24.4,6.56,6.65,-0.1,4.016
06579cb253ecd5a3a12a9e6eb6bf8f47,SP,60,4,60,250,20.0,6.67,6.73,-0.1,4.167
951e8cef368f09bb3f3d03c00ca4702c,SP,59,4,57,240,19.0,6.78,6.8,0.0,4.211
058fd0aa2bfdb2274e05e1ae971dabb6,SP,59,4,59,261,21.9,6.78,6.8,0.0,4.424
a17f621c590ea0fab3d5d883e1630ec6,SP,58,4,56,238,21.8,6.9,6.88,0.0,4.25
6d803cb79cc31c41c4c789a75933b3c7,SP,58,4,58,246,27.0,6.9,6.88,0.0,4.241
8a130737016f838139d31878787a39c9,SP,56,4,56,249,20.9,7.14,7.04,0.1,4.446
7a241947449cc45dbfda4f9d0798d9d0,MG,55,4,54,223,26.9,7.27,7.12,0.1,4.13
e067ad2c1c0b48758eb1b5228bcf7a68,SP,54,4,54,224,25.7,7.41,7.21,0.2,4.148
e24fc9fcd865784fb25705606fe3dfe7,SP,51,4,51,212,26.3,7.84,7.48,0.3,4.157
f214d28e8d8e3ef068748498ccc2f813,SP,51,4,50,213,23.2,7.84,7.48,0.3,4.26
56642bcb79900e777d68e91915cb4267,SP,48,4,48,195,26.1,8.33,7.76,0.4,4.063
165fc07beebdcb6190fba8a06db2a449,PR,46,4,46,182,24.2,8.7,7.97,0.5,3.957
624f4ece8da4aafb77699233d480f8ef,SP,46,4,46,202,24.1,8.7,7.97,0.5,4.391
432c37c9dfba871172ec162e20118b8c,DF,44,4,44,187,26.2,9.09,8.18,0.6,4.25
db2956745b3a8e9f3785c99f34b5d25e,SP,43,4,43,168,26.1,9.3,8.29,0.6,3.907
6f892e20a171e98efe17fdb971ff319b,SP,41,4,40,166,27.1,9.76,8.53,0.7,4.15
82e0a475a88cc9595229d8029273f045,SP,40,4,40,149,24.3,10.0,8.65,0.8,3.725
3f3486b61f45078d4f31ee5e43d8c5bb,SP,39,4,39,169,24.1,10.26,8.78,0.8,4.333
2d50d6282f8aa2257819a77bfaa0efe0,SP,39,4,39,156,23.5,10.26,8.78,0.8,4.0
5b8154610ebb21fb90eb587365e673df,SP,37,4,37,154,23.0,10.81,9.04,1.0,4.162
0cbcee27c791afa0cdcb08587a2013a8,MG,37,4,37,148,27.7,10.81,9.04,1.0,4.0
14d7985702e72162bbf13b6beb74ab2b,SP,36,4,36,157,19.6,11.11,9.17,1.0,4.361
dd533b429f380718b70ad9922c294bae,SP,36,4,36,145,26.8,11.11,9.17,1.0,4.028
6fc26fe110feebd80a433e1f012a84f9,SP,35,4,34,133,24.7,11.43,9.32,1.1,3.912
0176f73cc1195f367f7b32db1e5b3aa8,SP,35,4,35,146,22.4,11.43,9.32,1.1,4.171
11305281b50fff20ae8bb473f8e11876,MG,34,4,34,146,26.7,11.76,9.46,1.1,4.294
0ffa40d54288e4f3499b8780dd0f144f,SP,33,4,33,148,25.4,12.12,9.61,1.2,4.485
c8467937e403e76a8ee9f0ab13f6f5ef,MG,30,4,28,114,26.1,13.33,10.09,1.4,4.071
d3f39f05462b79a4562d35893a28f159,SP,30,4,30,114,24.3,13.33,10.09,1.4,3.8
b76dba6c951ab00dc4edf0a1aa88037e,SP,157,5,155,654,26.7,3.18,3.77,-1.8,4.219
36a968b544695394e4e9d7572688598f,SP,146,5,146,546,23.0,3.42,4.01,-1.6,3.74
44073f8b7e41514de3b7815dd0237f4f,DF,141,5,140,524,29.1,3.55,4.13,-1.6,3.743
1c68394e931a64f90ea236c5ea590300,PR,132,5,132,528,31.3,3.79,4.35,-1.4,4.0
0db783cfcd3b73998abc6e10e59a102f,SP,130,5,129,544,24.8,3.85,4.41,-1.4,4.217
710e3548e02bc1d2831dfc4f1b5b14d4,PR,129,5,128,440,36.3,3.88,4.44,-1.3,3.438
db4350fd57ae30082dec7acbaacc17f9,SP,128,5,127,539,26.2,3.91,4.47,-1.3,4.244
aafe36600ce604f205b86b5084d3d767,SC,127,5,127,559,25.5,3.94,4.49,-1.3,4.402
5a8e7d5003a1f221f9e1d6e411de7c23,SP,126,5,126,529,22.1,3.97,4.52,-1.3,4.198
080102cd0a76b09e0dcf55fcacc60e05,MG,120,5,120,545,21.6,4.17,4.7,-1.2,4.542
1b4c3a6f53068f0b6944d2d005c9fc89,SC,108,5,107,457,27.2,4.63,5.11,-0.9,4.271
640e21a7d01df7614a3b4923e990d40c,SP,105,5,105,463,19.9,4.76,5.23,-0.8,4.41
d6b1ce66b035a475f00c017792ff9769,SP,88,5,87,379,22.7,5.68,5.98,-0.4,4.356
1bb2bdb95f4841f1bba2c0d2cd83d3c9,SP,79,5,78,361,25.7,6.33,6.47,-0.2,4.628
d05ae8f7a5bd1d2a690a44cd079e4e27,RJ,75,5,74,292,22.4,6.67,6.72,-0.1,3.946
70c27847eca8195c983ed7e798c56743,RJ,75,5,75,320,22.8,6.67,6.72,-0.1,4.267
f7ccf836d21b2fb1de37564105216cc1,SP,66,5,64,248,19.8,7.58,7.35,0.2,3.875
a420f60ff1aa9acc80d0e42959f2b313,SP,66,5,64,256,24.4,7.58,7.35,0.2,4.0
715bbd5ba4e6b74cb0d2f29eb45058b0,SP,60,5,60,267,25.0,8.33,7.84,0.5,4.45
ce248b21cb2adc36282ede306b7660e5,SC,60,5,60,257,26.5,8.33,7.84,0.5,4.283
7681ef142fd2c19048da7430856b5588,SP,56,5,55,235,19.7,8.93,8.2,0.6,4.273
17f51e7198701186712e53a39c564617,SP,55,5,55,239,35.0,9.09,8.3,0.7,4.345
3df020b72d3d44b3af9d110fa3940b65,SP,53,5,53,213,24.4,9.43,8.5,0.7,4.019
a888faf2d1baececa6baf9c3d603ee1f,PR,53,5,53,217,28.7,9.43,8.5,0.7,4.094
318f287a62ab7ac10b703ac37435a231,SP,51,5,51,200,21.3,9.8,8.71,0.8,3.922
23d7c96d4a1160db1c726b248601b25a,SP,50,5,48,188,24.0,10.0,8.82,0.9,3.917
4c498c7345e89aebad651544829beca0,SP,44,5,44,195,19.6,11.36,9.53,1.2,4.432
406822777a0b9eb5c50e442dd4cd3ec5,SP,44,5,43,186,24.1,11.36,9.53,1.2,4.326
b18dc380845b24038cfc48006478f099,SP,43,5,42,177,24.0,11.63,9.66,1.2,4.214
903037660cf848a717166eb7a06d616e,SP,42,5,42,165,28.0,11.9,9.8,1.3,3.929
99a54764c341d5dc80b4a8fac4eba3fb,SP,41,5,40,148,17.8,12.2,9.94,1.4,3.7
23c38debaffe4a25a30fdbd9b586a13f,SP,40,5,40,174,21.6,12.5,10.08,1.4,4.35
2089a6d640999f9b9141ac719b2af596,SP,40,5,40,160,31.0,12.5,10.08,1.4,4.0
cee48807215b30a12ca2ca10ffb5f250,SP,38,5,38,145,36.2,13.16,10.38,1.5,3.816
e2aee0892199b1d92530e371abd825bf,PR,34,5,34,134,26.8,14.71,11.02,1.8,3.941
e96498ed8daaa3e9c23f7a62da76591c,SP,34,5,34,134,25.4,14.71,11.02,1.8,3.941
d93919c944be9cff128f6c9cb899eacb,SP,33,5,33,132,30.9,15.15,11.2,1.9,4.0
95e03ca3d4146e4011985981aeb959b9,RJ,168,6,166,673,27.5,3.57,4.07,-1.7,4.054
1a3df491d1c4f1589fc2b934ada68bf2,SC,160,6,160,684,27.9,3.75,4.24,-1.6,4.275
0b90b6df587eb83608a64ea8b390cf07,PR,158,6,157,639,32.9,3.8,4.28,-1.5,4.07
537eb890efff034a88679788b647c564,RJ,148,6,148,638,20.9,4.05,4.53,-1.3,4.311
2528513dd95219a6013d4d05176e391a,SP,147,6,144,596,22.7,4.08,4.55,-1.3,4.139
7008613ea464bad5cb9b83456e1e6a8f,SC,123,6,122,522,28.4,4.88,5.26,-0.9,4.279
79ebd9a61bac3eaf882805ed4ecfa12a,PR,122,6,122,512,27.5,4.92,5.3,-0.8,4.197
bfd27a966d91cfaafdb25d076585f0da,SP,114,6,113,488,27.9,5.26,5.59,-0.7,4.319
f80edd2c5aaa505cc4b0a3b219abf4b8,SP,110,6,109,463,24.1,5.45,5.75,-0.6,4.248
f4aba7c0bca51484c30ab7bdc34bcdd1,SP,107,6,107,422,26.7,5.61,5.88,-0.5,3.944
18a349e75d307f4b4cc646a691ed4216,SP,107,6,106,387,25.8,5.61,5.88,-0.5,3.651
dd2bdf855a9172734fbc3744021ae9b9,MG,105,6,101,392,38.3,5.71,5.97,-0.5,3.881
0adac9fbd9a2b63cccaac4f8756c1ca8,SP,103,6,103,427,24.2,5.83,6.06,-0.4,4.146
8e6cc767478edae941d9bd9eb778d77a,MG,99,6,97,394,30.1,6.06,6.24,-0.3,4.062
7ea5bfa6c340f58f8e71fc1f0412b0d6,MG,92,6,91,393,22.5,6.52,6.6,-0.1,4.319
827f8f69dfa529c561901c4f2e0f332f,PR,91,6,89,381,24.0,6.59,6.66,-0.1,4.281
8444e55c1f13cd5c179851e5ca5ebd00,MG,90,6,90,303,43.8,6.67,6.71,-0.1,3.367
7e3f87d16fb353f408d467e74fbd8014,SP,90,6,90,378,22.9,6.67,6.71,-0.1,4.2
bd0389da23d89b726abf911cccc54596,DF,86,6,86,362,26.0,6.98,6.94,0.0,4.209
c8b0e2b0a7095e5d8219575d5e7e1181,SP,82,6,81,333,21.2,7.32,7.19,0.2,4.111
aba1721a889e04decc910aa13b768ef4,SP,81,6,81,360,20.8,7.41,7.26,0.2,4.444
3be634553519fb6536a03e1358e9fdc7,SP,77,6,77,313,20.8,7.79,7.53,0.3,4.065
6860153b69cc696d5dcfe1cdaaafcf62,SP,74,6,73,299,19.6,8.11,7.75,0.4,4.096
d673a59aac7a70d8b01e6902bf090a11,SP,70,6,70,287,25.5,8.57,8.06,0.6,4.1
e59aa562b9f8076dd550fcddf0e73491,PR,69,6,69,294,25.8,8.7,8.14,0.6,4.261
1336efc61c316ddf92c899eb817f7cae,SP,66,6,66,281,23.2,9.09,8.39,0.7,4.258
d13e50eaa47b4cbe9eb81465865d8cfc,SP,66,6,66,318,9.5,9.09,8.39,0.7,4.818
23613d49c3ac2bd302259e55c06c050c,SP,62,6,61,244,24.7,9.68,8.76,0.9,4.0
0d85bbda9889ce1f7e63778d24f346eb,MG,51,6,50,210,27.4,11.76,9.94,1.4,4.2
048c2757535328e0d7dac690ad3c0aae,SP,50,6,49,208,28.4,12.0,10.07,1.4,4.245
a6fe7de3d16f6149ffe280349a8535a0,SP,50,6,49,198,24.2,12.0,10.07,1.4,4.041
ff1fb4c404b2efe68b03350a8dc24122,SP,43,6,43,179,18.3,13.95,11.03,1.8,4.163
0ed6ce5d87fd9c69eaacaeb778d67235,SP,42,6,41,180,28.7,14.29,11.19,1.9,4.39
834f8533b2ecb6598dd004ff3de7203a,SP,40,6,40,157,21.0,15.0,11.51,2.0,3.925
0bf0150d5b9d60d9cd2906003332f085,SP,39,6,38,144,20.9,15.38,11.67,2.1,3.789
3c03b12bab54d8b37d79d914bfdb1aa0,RJ,36,6,35,133,22.5,16.67,12.2,2.3,3.8
c60b801f2d52c7f7f91de00870882a75,SP,36,6,36,129,26.3,16.67,12.2,2.3,3.583
ec8879960bd2221d5c32f8e12f7da711,SP,35,6,34,146,25.0,17.14,12.39,2.4,4.294
dd55f1bb788714a40e7954c3be6df745,SP,35,6,35,131,27.6,17.14,12.39,2.4,3.743
66e0557ecc2b4dbea057e93f215f68d8,SP,30,6,30,121,40.5,20.0,13.43,2.9,4.033
37be5a7c751166fbc5f8ccba4119e043,SP,269,7,266,1151,24.1,2.6,3.03,-2.8,4.327
7178f9f4dd81dcef02f62acdf8151e01,SC,202,7,201,816,34.1,3.47,3.9,-1.9,4.06
9b013e03b2ab786505a1d3b5c0756754,SP,167,7,166,706,18.3,4.19,4.6,-1.4,4.253
669ae81880e08f269a64487cfb287169,SC,159,7,158,679,26.0,4.4,4.79,-1.2,4.297
01fdefa7697d26ad920e9e0346d4bd1b,PR,127,7,126,551,24.4,5.51,5.77,-0.6,4.373
59fb871bf6f4522a87ba567b42dafecf,SP,123,7,123,526,26.6,5.69,5.92,-0.5,4.276
17a053fcb14bd219540cbde0df490be0,SP,122,7,120,517,22.3,5.74,5.96,-0.5,4.308
70eea00b476a314817cefde4aad4f89a,SP,104,7,103,454,25.3,6.73,6.76,0.0,4.408
4371b634e0efc0e22b09b52907d9d469,SP,98,7,97,440,21.3,7.14,7.07,0.1,4.536
3b15288545f8928d3e65a8f949a28291,SP,95,7,94,391,26.0,7.37,7.24,0.2,4.16
04308b1ee57b6625f47df1d56f00eedf,SC,92,7,92,363,30.4,7.61,7.42,0.3,3.946
5d0363b33554b373851fc1622e4d5f3c,SP,90,7,90,372,21.0,7.78,7.55,0.3,4.133
ce7d1888639e6fb06b2749cbfdac1ff7,MG,73,7,73,315,26.9,9.59,8.79,0.9,4.315
fd386aa7bed2af3c7035c65506c9b4a3,SP,65,7,65,283,17.5,10.77,9.53,1.3,4.354
643214e62b870443ccbe55ab29a4dccf,SP,65,7,65,286,20.4,10.77,9.53,1.3,4.4
056b4ada5bbc2c50cc7842547dda6b51,RJ,64,7,63,265,25.2,10.94,9.63,1.3,4.206
f0b47fbbc6dee9aafe415a6e33051b3f,SP,64,7,64,276,22.5,10.94,9.63,1.3,4.313
99eaacc9e6046db1c82b163c5f84869f,SP,63,7,63,252,23.8,11.11,9.74,1.3,4.0
5343d0649eca2a983820bfe93fc4d17e,SP,61,7,60,250,23.0,11.48,9.95,1.4,4.167
e62b2d6ac10570a035a30bafcf01d263,SP,60,7,57,228,23.7,11.67,10.06,1.5,4.0
5058e8c1e82653974541e83690655b4a,SP,59,7,58,194,43.0,11.86,10.17,1.5,3.345
1eade46fba20122dc4aefb379f8c636b,SP,58,7,58,257,20.0,12.07,10.29,1.6,4.431
75d34ebb1bd0bd7dde40dd507b8169c3,BA,57,7,57,224,32.5,12.28,10.41,1.6,3.93
fffd5413c0700ac820c7069d66d98c89,SP,53,7,52,210,24.7,13.21,10.91,1.8,4.038
50c9975695009e5e6473912e83a6d1da,MG,49,7,48,190,23.9,14.29,11.46,2.1,3.958
8b9d6eec4a7eb7d0f9d579ce0b38324d,RJ,44,7,44,188,20.9,15.91,12.24,2.4,4.273
71039d19d4303bf9054d69e9a9236699,SP,34,7,34,132,21.7,20.59,14.15,3.2,3.882
3fd1e727ba94cfe122d165e176ce7967,SP,34,7,34,136,24.3,20.59,14.15,3.2,4.0
562fc2f2c2863ab7e79a9e4388a58a14,SP,248,8,246,1049,24.2,3.23,3.62,-2.3,4.264
813348c996469b40f2e028d5429d3495,SP,170,8,167,682,20.8,4.71,5.03,-1.1,4.084
3c7c4a49ec3c6550809089c6a2ca9370,SP,135,8,135,501,18.8,5.93,6.09,-0.4,3.711
f5a590cf36251cf1162ea35bef76fe84,SP,113,8,113,483,22.7,7.08,7.03,0.1,4.274
42b729f859728f5079499127a9c2ef37,SP,101,8,100,451,15.7,7.92,7.68,0.4,4.51
f27e33c6d29b5138fa9967bcd445b6d5,SP,91,8,91,371,22.1,8.79,8.31,0.7,4.077
1d8dbc4f32378d715c717c1c1fc57bae,PR,87,8,85,354,27.2,9.2,8.59,0.9,4.165
b14db04aa7881970e83ffa9426897925,SP,74,8,71,268,26.4,10.81,9.67,1.3,3.775
b17b679f4f5ce2e03ce6968c62648246,SP,50,8,50,199,30.7,16.0,12.57,2.6,3.98
abe42c5d03695b4257b5c6cbf4e6784e,RJ,49,8,48,190,23.6,16.33,12.73,2.6,3.958
2a261b5b644fa05f4f2700eb93544f2c,SP,46,8,46,183,23.6,17.39,13.23,2.8,3.978
602044f2c16190c2c6e45eb35c2e21cb,SP,45,8,44,143,23.0,17.78,13.41,2.9,3.25
0b35c634521043bf4b47e21547b99ab5,PR,43,8,42,146,32.2,18.6,13.77,3.1,3.476
6edacfd9f9074789dad6d62ba7950b9c,SP,196,9,196,875,20.4,4.59,4.89,-1.3,4.464
1c129092bf23f28a5930387c980c0dfc,SP,185,9,184,803,21.4,4.86,5.14,-1.1,4.364
850f4f8af5ea87287ac68de36e29107f,SP,182,9,179,776,24.9,4.95,5.21,-1.0,4.335
41b39e28db005d9731d9d485a83b4c38,SP,176,9,176,745,30.5,5.11,5.37,-0.9,4.233
0c8380b62e38e8a1e6adbeba7eb9688c,MG,170,9,169,696,24.8,5.29,5.53,-0.8,4.118
5656537e588803a555b8eb41f07a944b,DF,169,9,169,661,22.9,5.33,5.56,-0.8,3.911
6d66611d7c44cc30ce351abc49a68421,SP,160,9,158,627,23.1,5.63,5.82,-0.6,3.968
6a8b085f816a1f75f92dbac6eb545f8f,SP,123,9,123,513,24.4,7.32,7.23,0.2,4.171
e5a38146df062edaf55c38afa99e42dc,SP,119,9,118,472,22.7,7.56,7.42,0.3,4.0
ececbfcff9804a2d6b40f589df8eef2b,SP,95,9,95,392,24.5,9.47,8.84,1.0,4.126
aac29b1b99776be73c3049939652091d,MG,92,9,91,378,25.6,9.78,9.06,1.1,4.154
729f06993dac8e860d4f02d7088ca48a,SP,91,9,90,381,22.3,9.89,9.14,1.1,4.233
8648b1e89e9b349e32d3741b30ec737e,SP,91,9,91,378,20.9,9.89,9.14,1.1,4.154
527801b552d0077ffd170872eb49683b,SP,90,9,89,398,24.4,10.0,9.21,1.2,4.472
f84fa566034f5e8e880a07ec624c56af,SP,89,9,89,378,19.4,10.11,9.29,1.2,4.247
f84a00e60c73a49e7e851c9bdca3a5bb,RJ,87,9,87,338,22.0,10.34,9.45,1.3,3.885
f46490624488d3ff7ce78613913a7711,SP,80,9,80,301,19.0,11.25,10.05,1.6,3.763
34056b8b55c1775a22af2331670a799c,SP,77,9,77,311,23.8,11.69,10.33,1.7,4.039
972d0f9cf61b499a4812cf0bfa3ad3c4,SC,75,9,73,225,27.7,12.0,10.53,1.8,3.082
f3da5b2ff499efb8d4a6d371d175d7dd,SP,75,9,74,288,19.3,12.0,10.53,1.8,3.892
6fd52c528dcb38be2eea044946b811f8,SP,67,9,66,224,32.3,13.43,11.4,2.1,3.394
05f51e13da97139648b8125c31e5f51b,MG,57,9,57,241,22.2,15.79,12.71,2.7,4.228
ea566164622c6b439516ab18062c42cd,SP,50,9,50,189,22.0,18.0,13.82,3.1,3.78
002100f778ceb8431b7a1020ff7ab48f,SP,48,9,48,192,24.2,18.75,14.17,3.3,4.0
ef990a83bbea832f36ebe81376335aa8,SC,40,9,40,150,25.4,22.5,15.79,3.9,3.75
dbc22125167c298ef99da25668e1011f,MG,383,10,382,1662,25.1,2.61,2.92,-3.3,4.351
ceaec5548eefc6e23e6607c5435102e7,SP,197,10,194,814,28.2,5.08,5.31,-1.0,4.196
4830e40640734fc1c52cd21127c341d4,SP,197,10,197,838,20.9,5.08,5.31,-1.0,4.254
c003204e1ab016dfa150abc119207b24,SP,194,10,194,870,21.0,5.15,5.38,-0.9,4.485
2e1c9f22be269ef4643f826c9e650a52,SP,159,10,158,677,20.0,6.29,6.38,-0.3,4.285
004c9cd9d87a3c30c522c48c4fc07416,SP,155,10,153,633,26.6,6.45,6.52,-0.2,4.137
0be8ff43f22e456b4e0371b2245e4d01,SP,150,10,150,614,22.1,6.67,6.7,-0.1,4.093
213b25e6f54661939f11710a6fddb871,SP,135,10,134,548,26.4,7.41,7.31,0.3,4.09
48436dade18ac8b2bce089ec2a041202,SP,132,10,132,547,24.0,7.58,7.44,0.3,4.144
00ee68308b45bc5e2660cd833c3f81cc,SP,130,10,129,559,20.2,7.69,7.53,0.4,4.333
c9c7905cffc4ef9ff9f113554423e671,SP,125,10,125,519,21.3,8.0,7.78,0.5,4.152
ef0ace09169ac090589d85746e3e036f,RJ,125,10,125,552,24.1,8.0,7.78,0.5,4.416
3db66a856d18a9cba7c9241fc5221c50,MG,93,10,93,393,27.6,10.75,9.8,1.5,4.226
ba143b05f0110f0dc71ad71b4466ce92,SP,82,10,82,368,18.5,12.2,10.76,1.9,4.488
85d9eb9ddc5d00ca9336a2219c97bb13,MG,497,11,494,2092,30.3,2.21,2.48,-4.1,4.235
a3a38f4affed601eb87a97788c949667,SC,246,11,244,1083,27.2,4.47,4.73,-1.5,4.439
0241d4d5d36f10f80c644447315af0bd,PR,224,11,223,994,23.8,4.91,5.14,-1.1,4.457
f457c46070d02cadd8a68551231220dd,PR,169,11,169,689,26.3,6.51,6.56,-0.2,4.077
66922902710d126a0e7d26b0e3805106,MG,148,11,147,664,21.5,7.43,7.33,0.3,4.517
25c5c91f63607446a97b143d2d535d31,MG,147,11,146,576,26.1,7.48,7.38,0.3,3.945
a3e9a2c700480d9bb01fba070ba80a0e,SP,118,11,117,476,23.2,9.32,8.82,1.1,4.068
8e6d7754bc7e0f22c96d255ebda59eba,SP,77,11,77,282,20.3,14.29,12.2,2.6,3.662
11bfa66332777660bd0640ee84d47006,SP,76,11,76,298,25.5,14.47,12.32,2.6,3.921
bbad7e518d7af88a0897397ffdca1979,SP,64,11,63,209,22.4,17.19,13.89,3.3,3.317
6039e27294dc75811c0d8a39069f52c0,SP,62,11,62,232,25.1,17.74,14.19,3.4,3.742
835f0f7810c76831d6c7d24c7a646d4d,SP,40,11,40,139,23.9,27.5,18.65,5.2,3.475
53243585a1d6dc2643021fd1853d8905,BA,348,12,346,1451,24.8,3.45,3.72,-2.5,4.194
de722cd6dad950a92b7d4f82673f8833,PE,335,12,334,1443,28.1,3.58,3.85,-2.4,4.32
87142160b41353c4e5fca2360caf6f92,RS,301,12,300,1327,25.9,3.99,4.25,-2.0,4.423
1da3aeb70d7989d1e6d9b0e887f97c23,SP,254,12,253,1056,20.0,4.72,4.95,-1.3,4.174
001cca7ae9ae17fb1caed9dfb1094831,ES,194,12,191,779,26.2,6.19,6.27,-0.4,4.079
ccc4bbb5f32a6ab2b7066a4130f114e3,PR,181,12,180,785,32.8,6.63,6.66,-0.1,4.361
edb1ef5e36e0c8cd84eb3c9b003e486d,RJ,163,12,163,725,25.3,7.36,7.28,0.3,4.448
de23c3b98a88888289c6f5cc1209054a,SP,157,12,157,677,21.1,7.64,7.52,0.4,4.312
76d5af76d0271110f9af36c92573f765,SP,125,12,124,518,24.2,9.6,9.07,1.2,4.177
b1fc4f64df5a0e8b6913ab38803c57a9,RJ,99,12,97,386,25.7,12.12,10.9,2.1,3.979
b2479f944e1b90cf8a5de1bbfde284d6,SP,98,12,97,335,23.7,12.24,10.98,2.1,3.454
440dd6ab244315c632130ecfb63827b1,SP,90,12,90,353,27.9,13.33,11.71,2.4,3.922
adbc26658d6c7b4b6219f9d934598091,PR,86,12,86,354,25.3,13.95,12.12,2.6,4.116
900ba814c251a692506d7834c1218441,SP,84,12,82,348,20.9,14.29,12.33,2.7,4.244
b561927807645834b59ef0d16ba55a24,SP,82,12,82,355,20.6,14.63,12.55,2.8,4.329
891071be6ba827b591264c90c2ae8a63,SP,82,12,82,325,25.2,14.63,12.55,2.8,3.963
cac4c8e7b1ca6252d8f20b2fc1a2e4af,SP,69,12,68,249,24.8,17.39,14.2,3.5,3.662
ad781527c93d00d89a11eecd9dcad7c1,SP,33,12,33,111,35.3,36.36,22.31,6.7,3.364
4b9750c8ad28220fe6702d4ecb7c898f,SP,214,13,214,935,18.7,6.07,6.17,-0.4,4.369
8d956fec2e4337affcb520f56fd8cbfd,SP,208,13,208,881,19.8,6.25,6.33,-0.3,4.236
f45122a9ab94eb4f3f8953578bc0c560,SP,179,13,179,718,22.9,7.26,7.2,0.2,4.011
cbd996ad3c1b7dc71fd0e5f5df9087e2,SP,159,13,156,656,23.7,8.18,7.97,0.7,4.205
9c0e69c7bf2619675bbadf47b43f655a,SP,137,13,136,582,21.7,9.49,9.01,1.2,4.279
e9d99831abad74458942f21e16f33f92,SP,129,13,128,505,22.3,10.08,9.47,1.5,3.945
cfb1a033743668a192316f3c6d1d2671,SP,128,13,127,539,23.3,10.16,9.53,1.5,4.244
a673821011d0cec28146ea42f5ab767f,SP,116,13,113,468,22.1,11.21,10.31,1.9,4.142
6973a06f484aacf400ece213dbf3d946,SP,77,13,76,290,21.3,16.88,14.07,3.5,3.816
2a1348e9addc1af5aaa619b1a3679d6b,MG,45,13,44,144,26.8,28.89,20.07,5.9,3.273
4d6d651bd7684af3fffabd5f08d12e5a,SP,357,14,356,1518,26.0,3.92,4.15,-2.2,4.264
7299e27ed73d2ad986de7f7c77d919fa,MG,330,14,330,1463,23.8,4.24,4.46,-1.9,4.433
c70c1b0d8ca86052f45a432a38b73958,SP,258,14,256,1121,16.9,5.43,5.57,-0.9,4.379
dc4a0fc896dc34b0d5bfec8438291c80,SP,211,14,211,816,25.3,6.64,6.66,-0.1,3.867
d1c281d3ae149232351cd8c8cc885f0d,SP,192,14,191,752,24.1,7.29,7.23,0.2,3.937
f262cbc1c910c83959f849465454ddd3,SP,188,14,187,781,18.7,7.45,7.36,0.3,4.176
59b22a78efb79a4797979612b885db36,MG,123,14,122,488,22.6,11.38,10.49,2.0,4.0
c31eff8334d6b3047ed34bebd4d62c36,SP,116,14,115,448,22.9,12.07,11.0,2.2,3.896
d20b021d3efdf267a402c402a48ea64b,SP,73,14,72,279,22.6,19.18,15.59,4.2,3.875
ede0c03645598cdfc63ca8237acbe73d,SP,43,14,42,150,22.6,32.56,21.99,6.7,3.571
7e93a43ef30c4f03f38b393420bc753a,SP,315,15,314,1379,23.4,4.76,4.94,-1.5,4.392
1554a68530182680ad5c8b042c3ab563,MG,242,15,240,1048,28.1,6.2,6.27,-0.4,4.367
54a1852d1b8f10312c55e906355666ee,SP,197,15,196,857,22.4,7.61,7.51,0.4,4.372
522620dcb18a6b31cd7bdf73665113a9,PR,170,15,167,654,29.2,8.82,8.53,1.0,3.916
8b28d096634035667e8263d57ba3368c,SP,135,15,133,540,24.2,11.11,10.34,2.0,4.06
dd7ddc04e1b6c2c614352b383efe2d36,SP,114,15,113,443,22.9,13.16,11.84,2.7,3.92
beadbee30901a7f61d031b6b686095ad,SP,63,15,63,248,23.3,23.81,18.34,5.3,3.937
9f505651f4a6abe901a56cdc21508025,SP,390,16,387,1696,18.7,4.1,4.3,-2.1,4.382
92eb0f42c21942b6552362b9b114707d,SP,328,16,326,1318,23.9,4.88,5.04,-1.4,4.043
fa40cc5b934574b62717c68f3d678b6d,SP,299,16,298,1336,22.4,5.35,5.49,-1.0,4.483
7040e82f899a04d1b434b795a43b4617,SP,203,16,201,732,20.6,7.88,7.75,0.6,3.642
e9bc59e7b60fc3063eb2290deda4cced,PR,200,16,200,822,28.6,8.0,7.85,0.6,4.11
7d76b645482be4a332374e8223836592,SP,168,16,166,666,22.4,9.52,9.12,1.4,4.012
2e90cb1677d35cfe24eef47d441b7c87,SP,126,16,126,518,22.9,12.7,11.57,2.6,4.111
431af27f296bc6519d890aa5a05fdb11,SP,114,16,113,434,24.5,14.04,12.54,3.0,3.841
712e6ed8aa4aa1fa65dab41fed5737e4,SC,77,16,76,258,33.7,20.78,16.87,4.8,3.395
a416b6a846a11724393025641d4edd5e,SP,157,17,157,662,22.7,10.83,10.19,2.0,4.217
0dd184061fb0eaa7ca37932c68ab91c5,SP,156,17,155,630,22.1,10.9,10.24,2.0,4.065
b33e7c55446eabf8fe1a42d037ac7d6d,SP,146,17,146,616,27.6,11.64,10.83,2.3,4.219
2138ccb85b11a4ec1e37afbd1c8eda1f,SP,374,18,373,1488,23.9,4.81,4.96,-1.6,3.989
5dceca129747e92ff8ef7a997dc4f8ca,SP,317,18,313,1261,22.9,5.68,5.78,-0.8,4.029
37515688008a7a40ac93e3b2e4ab203f,SP,221,18,219,904,23.1,8.14,7.99,0.8,4.128
7e1fb0a3ebfb01ffb3a7dae98bf3238d,SP,154,18,152,636,26.1,11.69,10.9,2.4,4.184
1ca7077d890b907f89be8c954a02686a,SP,106,18,105,251,22.0,16.98,14.75,4.1,2.39
17e34d8224d27a541263c4c64b11a56b,SP,246,19,244,1040,24.8,7.72,7.63,0.5,4.262
8f2ce03f928b567e3d56181ae20ae952,SP,151,19,150,622,23.3,12.58,11.63,2.8,4.147
b499c00f28f4b7069ff6550af8c1348a,SP,141,19,141,600,22.6,13.48,12.31,3.1,4.255
7ad32824caee82087b3e2e5f33b1bf32,SP,140,19,137,538,22.0,13.57,12.39,3.1,3.927
2c9e548be18521d1c43cde1c582c6de8,SP,123,19,121,499,20.2,15.45,13.76,3.8,4.124
cd68562d3f44870c08922d380acae552,SP,122,19,121,486,24.4,15.57,13.85,3.8,4.017
d91fb3b7d041e83b64a00a3edfb37e4f,SP,524,20,520,2151,23.9,3.82,3.98,-2.7,4.137
2eb70248d66e0e3ef83659f71b244378,SP,185,21,182,506,28.0,11.35,10.72,2.4,2.78
a49928bcdf77c55c6d6e05e09a9b4ca5,SP,93,21,93,287,21.1,22.58,18.74,6.0,3.086
128639473a139ac0f3e5f5ade55873a5,PR,520,22,514,2174,26.5,4.23,4.37,-2.4,4.23
53e4c6e0f4312d4d2107a8c9cddf45cd,SP,444,22,443,1836,25.1,4.95,5.07,-1.6,4.144
b2ba3715d723d245138f291a6fe42594,SP,320,22,317,1341,23.9,6.88,6.87,0.0,4.23
54965bbe3e4f07ae045b90b0b8541f52,PR,72,22,68,216,29.6,30.56,23.58,8.0,3.176
7142540dd4c91e2237acb7e911c4eba2,SP,311,23,309,1259,28.1,7.4,7.35,0.4,4.074
4c2b230173bb36f9b240f2b8ac11786e,SP,253,24,249,994,20.8,9.49,9.21,1.7,3.992
ef506c96320abeedfb894c34db06f478,SP,309,25,307,1223,24.5,8.09,7.98,0.9,3.984
634964b17796e64304cadf1ad3050fb7,RJ,257,25,257,1059,24.8,9.73,9.43,1.8,4.121
c3867b4666c7d76867627c2f7fb22e21,SP,221,25,220,902,25.1,11.31,10.78,2.6,4.1
7aa4334be125fcdd2ba64b3180029f14,SP,211,25,210,869,25.4,11.85,11.23,2.9,4.138
c826c40d7b19f62a09e2d7c5e7295ee2,SP,344,26,343,1419,23.0,7.56,7.5,0.5,4.137
fe2032dab1a61af8794248c8196565c9,SP,288,26,284,1255,21.5,9.03,8.82,1.5,4.419
d2374cbcbb3ca4ab1086534108cc3ab7,SP,489,27,485,1874,29.5,5.52,5.6,-1.2,3.864
7ddcbb64b5bc1ef36ca8c151f6ec77df,SP,324,27,321,1295,22.6,8.33,8.21,1.1,4.034
f8db351d8c4c4c22c6835c19a46f01b0,SP,646,28,643,2761,21.7,4.33,4.45,-2.5,4.294
46dc3b2cc0980fb8ec44634e21d2718e,RJ,499,29,493,2120,24.0,5.81,5.87,-0.9,4.3
70a12e78e608ac31179aea7f8422044b,SP,307,29,305,1159,25.0,9.45,9.22,1.8,3.8
77530e9772f57a62c906e1c21538ab82,PR,297,29,297,1250,25.8,9.76,9.5,2.0,4.209
f7ba60f8c3f99e7ee4042fdef03b70c4,SP,213,30,213,907,22.3,14.08,13.19,4.2,4.258
8581055ce74af1daba164fdbd55a40de,SP,375,31,374,1615,22.1,8.27,8.16,1.1,4.318
cca3071e3e9bb7d12640c9fbe2301306,SP,665,32,654,2596,29.1,4.81,4.9,-2.1,3.969
16090f2ca825584b5a147ab24aa30c86,SP,397,32,395,1614,18.8,8.06,7.98,1.0,4.086
897060da8b9a21f655304d50fd935913,SP,298,32,295,1102,24.6,10.74,10.38,2.7,3.736
218d46b86c1881d022bce9c68a7d4b15,SP,371,33,370,1558,25.4,8.89,8.74,1.6,4.211
1900267e848ceeba8fa32d80c1a5f5a8,SP,359,33,354,1404,22.9,9.19,9.01,1.8,3.966
e5a3438891c0bfdb9394643f95273d8e,SP,213,34,212,850,22.2,15.96,14.84,5.3,4.009
a1043bafd471dff536d0c462352beb48,MG,694,35,692,2971,26.0,5.04,5.12,-1.9,4.293
4e922959ae960d389249c378d1c939f5,SP,411,37,407,1616,27.3,9.0,8.86,1.7,3.971
855668e0971d4dfd7bef1b6a4133b41b,SP,296,38,292,1134,25.2,12.84,12.29,4.1,3.884
e9779976487b77c6d4ac45f75ec7afe9,SP,631,39,628,2691,19.7,6.18,6.21,-0.7,4.285
391fc6631aebcf3004804e51b40bcf1e,SP,490,42,488,2000,25.7,8.57,8.47,1.5,4.098
88460e8ebdecbfecb5f9601833981930,PR,227,42,226,793,28.9,18.5,17.14,6.9,3.509
1835b56ce799e6a4dc4eddc053f04066,SP,375,43,372,1401,23.4,11.47,11.12,3.5,3.766
8160255418d5aaa7dbdc9f4c64ebda44,SP,355,51,351,1413,24.3,14.37,13.78,5.6,4.026
fa1c13f2614d7b5c4749cbc52fecda94,SP,566,53,562,2466,23.6,9.36,9.24,2.4,4.388
3d871de0142ce09b7081e2b9d1733cb1,SP,1044,58,1033,4349,26.5,5.56,5.59,-1.7,4.21
7a67c85e85bb2ce8582c35f2203ad736,SP,1120,60,1112,4802,23.0,5.36,5.4,-2.0,4.318
620c87c171fb2a6dd6e8bb4dec959fc6,RJ,717,63,711,3070,26.6,8.79,8.71,2.1,4.318
7d13fca15225358621be4086e1eb0964,SP,548,64,545,2221,26.4,11.68,11.43,4.5,4.075
1025f0e2d44d7041d6cf58b6550e0bfa,SP,879,72,872,3525,23.1,8.19,8.15,1.6,4.042
06a2c3af7b3aee5d69171b0e14f0ee87,MA,388,74,384,1543,29.0,19.07,18.19,9.5,4.018
955fee9216a65b617aa5c0531780ce60,SP,1252,77,1244,5237,20.9,6.15,6.17,-1.0,4.21
8b321bb669392f5163d04c59e235e066,SP,917,80,913,3764,22.5,8.72,8.66,2.2,4.123
da8622b14eb17ae2831f4ac5b9dab84a,SP,1272,85,1267,5350,22.0,6.68,6.69,-0.2,4.223
cc419e0650a3c5ba77189a1882b7556a,SP,1646,87,1642,6821,24.5,5.29,5.31,-2.5,4.154
7c67e1448b00f6e969d365cea6b010ab,SP,963,89,957,3360,33.7,9.24,9.17,2.9,3.511
6560211a19b47992c3666cc44a7e94c0,SP,1788,95,1774,7097,21.0,5.31,5.34,-2.6,4.001
ea8482cd71df3c1969d7b9473ff13abc,SP,1116,96,1110,4500,23.1,8.6,8.56,2.3,4.054
4869f7a5dfa277a7dca6462dcf3b52b2,SP,1111,118,1103,4608,26.1,10.62,10.52,5.0,4.178
1f50f920176fa81dab994f9023523100,SP,1364,124,1359,5683,26.0,9.09,9.04,3.3,4.182
4a3ca9315b744ce9f8e9374361493884,SP,1673,168,1655,6470,23.9,10.04,9.99,5.2,3.909