customer_state,state_name,orders,late_orders,reviews,score_sum,late_pct,pct_of_all_late,pct_of_orders,avg_promised_days,avg_delivery_days,avg_buffer_days,avg_score,avg_freight,avg_distance_km,items_revenue
AL,Alagoas,397,85,394,1516,21.41,1.3,0.41,33.2,24.5,8.7,3.848,38.58,1833.0,78855.72
MA,Maranhão,717,125,712,2729,17.43,1.91,0.74,31.1,21.5,9.6,3.833,42.95,2100.0,117009.38
SE,Sergipe,335,51,334,1305,15.22,0.78,0.35,31.5,21.5,10.0,3.907,40.94,1648.0,56574.19
ES,Espírito Santo,1995,214,1969,8031,10.73,3.28,2.07,26.2,15.7,10.5,4.079,24.57,802.0,268643.45
CE,Ceará,1279,176,1273,5021,13.76,2.69,1.33,32.0,21.2,10.8,3.944,36.5,2186.0,219757.38
BA,Bahia,3256,396,3229,12692,12.16,6.06,3.38,30.1,19.3,10.8,3.931,29.96,1344.0,493584.14
SP,São Paulo,40494,1820,40266,170961,4.49,27.85,41.98,19.8,8.7,11.1,4.246,17.33,250.0,5066562.98
MS,Mato Grosso do Sul,701,68,699,2909,9.7,1.04,0.73,26.6,15.5,11.1,4.162,27.02,846.0,115429.97
PI,Piauí,476,66,471,1881,13.87,1.01,0.49,30.7,19.4,11.3,3.994,42.98,1957.0,84721
SC,Santa Catarina,3546,291,3519,14546,8.21,4.45,3.68,26.4,14.9,11.5,4.134,24.85,572.0,507012.13
RJ,Rio de Janeiro,12350,1495,12211,48422,12.11,22.88,12.8,27.0,15.2,11.8,3.965,23.95,489.0,1759651.13
DF,Distrito Federal,2080,118,2070,8552,5.67,1.81,2.16,24.9,12.9,12.0,4.131,23.86,836.0,296498.41
TO,Tocantins,274,27,273,1134,9.85,0.41,0.28,29.7,17.6,12.1,4.154,42.35,1485.0,48402.51
GO,Goiás,1957,128,1946,7990,6.54,1.96,2.03,27.7,15.5,12.2,4.106,26.25,778.0,282836.7
PB,Paraíba,517,54,512,2087,10.44,0.83,0.54,33.6,20.4,13.2,4.076,48.84,2091.0,112586.82
PE,Pernambuco,1593,153,1579,6447,9.6,2.34,1.65,31.7,18.4,13.3,4.083,35.83,1969.0,251889.49
MG,Minas Gerais,11354,519,11285,47310,4.57,7.94,11.77,25.2,11.9,13.3,4.192,23.46,533.0,1552481.83
PR,Paraná,4923,199,4900,20775,4.04,3.05,5.1,25.3,11.9,13.4,4.24,23.49,486.0,666063.51
RN,Rio Grande do Norte,474,44,471,1955,9.28,0.67,0.49,32.9,19.2,13.7,4.151,39.26,2104.0,82105.66
RS,Rio Grande do Sul,5344,325,5326,22288,6.08,4.97,5.54,29.2,15.2,14.0,4.185,24.81,864.0,728718.47
PA,Pará,946,106,933,3652,11.21,1.62,0.98,37.8,23.7,14.1,3.914,39.7,2282.0,174470.59
MT,Mato Grosso,886,53,879,3644,5.98,0.81,0.92,32.4,18.0,14.4,4.146,32.77,1352.0,152191.62
RR,Roraima,41,5,41,160,12.2,0.08,0.04,46.6,29.3,17.3,3.902,48.34,3244.0,7057.47
AM,Amazonas,145,4,144,611,2.76,0.06,0.15,45.9,26.4,19.5,4.243,37.45,2644.0,22155.84
AP,Amapá,67,2,66,280,2.99,0.03,0.07,46.9,27.2,19.7,4.242,41.3,2599.0,13374.81
RO,Rondônia,243,7,242,1008,2.88,0.11,0.25,39.4,19.3,20.1,4.165,46.43,2228.0,45682.76
AC,Acre,80,3,80,327,3.75,0.05,0.08,41.7,21.0,20.7,4.088,45.55,2664.0,15930.97