gap_bin,coef,lo,hi,n,sample
1:15+ early,0.21789706283837154,0.19100516003305842,0.24478896564368466,34771,all reviews
2:8-14 early,0.1486658876626469,0.12314039213430458,0.17419138319098923,36158,all reviews
3:1-7 early,0.0,0.0,0.0,17234,all reviews
4:on day,-0.15601339896740646,-0.22717095071094057,-0.08485584722387235,1280,all reviews
5:1-3 late,-0.8533886425992268,-0.9283161541426547,-0.7784611310557988,1852,all reviews
6:4-7 late,-2.0230537990112487,-2.098690665768355,-1.9474169322541426,1748,all reviews
7:8-14 late,-2.429408874713862,-2.49902798668534,-2.3597897627423836,1446,all reviews
8:15+ late,-2.349704669238336,-2.4245338018114713,-2.2748755366652005,1335,all reviews
1:15+ early,0.21932820125389138,0.19229541063381284,0.24636099187396993,34710,answered after delivery
2:8-14 early,0.14921157293889067,0.12356293912024482,0.17486020675753652,36088,answered after delivery
3:1-7 early,0.0,0.0,0.0,17193,answered after delivery
4:on day,-0.1542869402957413,-0.22588916726512726,-0.08268471332635534,1272,answered after delivery
5:1-3 late,-0.4033979634091399,-0.47039773440804405,-0.3363981924102358,1436,answered after delivery
6:4-7 late,-0.43570970489007554,-0.5800528635489589,-0.2913665462311922,396,answered after delivery
7:8-14 late,-0.6137863415780908,-1.0024594399283393,-0.2251132432278422,57,answered after delivery
8:15+ late,-1.2711363596402192,-1.9904769096823611,-0.5517958095980774,19,answered after delivery
