sample,late_bin,prom_t,mean_score,n,pct_answered_before_delivery
all reviews,1-3,0,3.5058548009367683,854,19.906323185011708
all reviews,1-3,1,3.1914241960183767,653,24.042879019908117
all reviews,1-3,2,2.9478260869565216,345,25.79710144927536
all reviews,4-7,0,2.218872870249017,763,75.36041939711664
all reviews,4-7,1,1.9826771653543307,635,78.89763779527559
all reviews,4-7,2,2.0685714285714285,350,78.85714285714286
all reviews,8-14,0,1.7679465776293823,599,94.65776293823038
all reviews,8-14,1,1.6365280289330921,553,97.46835443037975
all reviews,8-14,2,1.5374149659863945,294,96.25850340136054
all reviews,15+,0,1.7589641434262948,502,98.40637450199203
all reviews,15+,1,1.722532588454376,537,98.51024208566108
all reviews,15+,2,1.6655405405405406,296,98.98648648648648
answered after delivery only,1-3,0,3.924963924963925,693,0.0
answered after delivery only,1-3,1,3.6517311608961305,491,0.0
answered after delivery only,1-3,2,3.4365079365079363,252,0.0
answered after delivery only,4-7,0,3.82010582010582,189,0.0
answered after delivery only,4-7,1,3.511278195488722,133,0.0
answered after delivery only,4-7,2,3.689189189189189,74,0.0
answered after delivery only,8-14,0,3.909090909090909,33,0.0
answered after delivery only,8-14,1,3.2142857142857144,14,0.0
answered after delivery only,8-14,2,2.7,10,0.0
answered after delivery only,15+,0,3.25,8,0.0
answered after delivery only,15+,1,2.75,8,0.0
answered after delivery only,15+,2,2.3333333333333335,3,0.0
